5028609133,打飞机的坏人,男,贵州 黔西南,LV 14,信用较好,2014-02-08,,
2119666587,陈子苗KAKA,女,广东 广州,LV 24,信用极好,2011-05-04,verify_yellow,广州鳟鱼歌剧艺术团歌剧演员（女高音）
5284483208,巫男病人,男,其他,LV 9,信用较好,2014-09-05,,
1787104251,好年华的大姑娘,女,北京 朝阳区,LV 26,信用极好,2010-08-04,,
5155425590,你的阿磊,女,海外,LV 33,信用极好,2014-05-26,verify_yellow,电影博主
3531895855,无用功666,男,北京,LV 26,信用较好,2013-06-11,,
5275229289,PRETTY-WANDY,女,辽宁 沈阳,LV 9,信用较好,2014-08-31,,
3653456377,土方十四征十郎,男,湖北 襄阳,LV 14,信用较好,2013-07-23,,
5348247250,宅腐的腐,女,其他,LV 9,信用较好,2014-10-29,,
1987093332,山高人为峰891922838,男,其他,LV 9,信用较好,2014-01-19,,
5517410740,活宝菡,男,其他,LV 7,信用较好,2015-04-01,,
1874327491,Mio童,女,广东 深圳,LV 9,信用较好,2010-11-25,,
5969905271,云云云的丸子,女,浙江 杭州,LV 4,信用一般,2016-06-26,,
5124628601,慈禧小朋友,女,广东 珠海,LV 9,信用较好,2014-09-16,,
2129802524,HakkA_A这,男,广东 揭阳,LV 30,信用极好,2011-05-03,,
5752625931,vv深柜,男,山西 太原,LV 4,信用较好,2015-11-09,,
1960706745,Tomahawk蛋,男,其他,LV 25,信用较好,2011-02-10,,
1690173412,悦小鬼,女,北京 怀柔区,LV 14,信用较好,2010-02-05,,
5788640940,蒜泥还是十三香,女,江苏 南京,LV 9,信用较好,2015-12-09,,
1734097364,Timooon,女,江苏 常州,LV 36,信用极好,2010-04-24,,
6085873845,鲍伯可怕的社会,男,陕西 西安,LV 8,信用一般,2016-12-22,,
1587199237,轻言寡信的承诺,男,天津,LV 26,信用较好,2011-08-08,,
5249253869,零零零零零零零零零-,男,江西,LV 14,信用较好,2014-08-12,,
3645062745,乔儿酱啊,女,海外,LV 14,信用较好,2013-08-10,,
2979797054,cc大酸城子,男,安徽 亳州,LV 17,信用较好,2012-08-31,,
3228176907,减不下肥的袁小珊,女,四川 自贡,LV 19,信用极好,2013-01-23,,
5209315938,荒郊秋月,男,广东 惠州,LV 4,信用较好,2014-07-08,,
2755485563,季优优,女,浙江 杭州,LV 20,信用极好,2012-05-09,,
6110506538,天然呆的小黑兔采蘑菇,男,上海 宝山区,LV 4,信用较低,2017-01-16,,
3720100234,满山跑的青蛙,男,广东 汕尾,LV 4,信用较好,2013-08-19,,
3224229611,刘奕小迷妹儿,女,黑龙江 佳木斯,LV 27,信用较好,2014-03-11,,
5306791279,幻影琉yuan,女,云南 昆明,LV 14,信用较好,2014-09-26,,
5458535533,悲喜由你_,男,北京 西城区,LV 9,信用较好,2015-02-05,,
1830447844,笨笨叶子,女,广东 广州,LV 22,信用较好,2010-09-27,,
3896257979,如果你是女神i,女,其他,LV 9,信用较好,2013-11-07,,
3840680994,我家住李成烈隔壁,女,江苏 泰州,LV 27,信用较好,2013-10-10,,
2906478211,花宝Sweet_cake,女,广东 深圳,LV 9,信用较好,2012-07-31,,
5614652665,TIANyi_Ge,男,辽宁,LV 9,信用较好,2015-05-23,,
1798859212,Cani_蔡静華,女,广东 清远,LV 29,信用较好,2010-08-23,,
5963937232,丁赫良,男,内蒙古,LV 9,信用较好,2016-06-20,,
3744130217,li--美丽,女,上海 静安区,LV 19,信用较好,2014-04-01,,
2948927574,82年的炸鸡,男,重庆 九龙坡区,LV 26,信用较好,2012-08-13,,
5779090724,大大太太犬犬夭夭,女,广东 中山,LV 9,信用较好,2015-12-02,,
3511297787,唐睿莎,女,四川 泸州,LV 21,信用较好,2013-07-06,,
1072448783,水古月儿,女,江苏 苏州,LV 22,信用较好,2010-05-12,,
5053026769,热心的王先生,男,陕西 西安,LV 9,信用较好,2014-03-01,,
3032436711,吴新星-,女,福建 三明,LV 26,信用较好,2012-12-31,,
2182307654,打怪兽的一个,女,贵州,LV 7,信用较好,2011-06-19,,
5446930647,乔沁是公主吧,女,其他,LV 4,信用一般,2015-01-24,,
5518119844,骑着毛驴吃馒头,男,山东 青岛,LV 9,信用较好,2015-02-12,,
2075126015,人之初73,男,贵州,LV 4,信用较好,2011-04-07,,
5859364328,w骑着毛驴去西藏,男,四川 宜宾,LV 17,信用较好,2016-02-15,,
1833114875,宝妹迷之自信,女,北